Reducer,Time (seconds)
PCA,120.6393585205078
TriMap,8582.468069791794
PaCMAP,5209.652245283127
t-SNE,68223.58531165123
UMAP,1731.8292496204376
