Reducer,Time (seconds)
PCA,60.0041081905365
TriMap,8620.644122838974
PaCMAP,5196.904054164887
t-SNE,61004.632137537
UMAP,1250.580083608627
