Reducer,Time (seconds)
PCA,53.66759634017944
TriMap,9222.677985668182
