Reducer,Time (seconds)
PCA,43.087908029556274
TriMap,10852.641538619995
t-SNE,31763.80843114853
PaCMAP,5311.354967832565
